Name,URL,Location,Score,Reviews,Main Categories,Average Response Time,On time Delivery Rate,Total Orders so far,Total Order Amount,Services,Quality Control,Certificates,Floor Space (_),Annual Export Revenue (USD),Production Lines,Total Annual Output (Units),Production Machines,Quality Control on All Lines,QA/QC Inspectors,Main Markets,Supply Chain Partners,Main Client Types,Customization Options,New Products Launched Last Year,R&D Engineers
"Guangzhou Ingor Sportswear Co.,Ltd.",https://ingor.en.alibaba.com/factory.html,"Guangdong, China",5,4 reviews,Active Wear/Fitness Wear/Gym Wear/Yoga Wear,_9h,94.70%,55,450000+,"agile supply chain, minor customization, design-based customization, sample-based customization, full customization","raw-material traceability identification, finished product inspection, qa/qc inspectors, testing instruments, on-site material inspection, quality traceability",oeko-tex standard 100,4223,5000000,6,1600000,70,Yes,7,"North America(35%), Oceania(25%), Western Europe(20%)",N/A,"Retailer, Engineer, Wholesaler, Brand business, For private use, Manufacturer","light customization, sample processing, graphic processing, customized on demand, light customization, sample processing, graphic processing, customized on demand",3000,20
"Dongguan City Bestway Sports Goods Technology Co., Ltd.",https://bestwaysports.en.alibaba.com/factory.html,"Guangdong, China",4.8,12 reviews,"Life Jacket, Life Vest, Wetsuit, Rush Guard, Swim Floatie",_2h,90.50%,35,80000+,"minor customization, design-based customization, sample-based customization, full customization","raw-material traceability identification, finished product inspection, qa/qc inspectors, testing instruments, on-site material inspection, quality traceability","bsci, iso 9001",6225,N/A,5,N/A,120,Yes,6,"Eastern Asia(30%), South America(10%), Mid East(10%)",N/A,"Retailer, Engineer, Wholesaler, Brand business, For private use, Manufacturer","sample processing, graphic processing, customized on demand",31,2
"Yiwu Hippo Kids Garments Co.,Ltd",https://hippokids.en.alibaba.com/factory.html,"Zhejiang, China",4.8,30 reviews,Kids Clothing,_4h,99.10%,174,90000+,"minor customization, design-based customization, sample-based customization, full customization","raw-material traceability identification, finished product inspection, qa/qc inspectors, testing instruments, on-site material inspection, quality traceability",cpc,400,231000,1,220000,36,Yes,1,"North America(70%), Oceania(10%), Western Europe(10%)",N/A,"Retailer, Engineer, Wholesaler, Brand business, For private use, Manufacturer","light customization, sample processing, graphic processing, customized on demand",500,2
"THUMBINTHAI CO.,LTD.",https://th1346444571rsgs.trustpass.alibaba.com/factory.html,"Bangkok, Thailand",N/A,N/A,"T-shirt & Tank top, T-shirt & Tank top, Crop, Children Clothing, Cloth",_7h,N/A,N/A,N/A,"minor customization, sample-based customization, international warehouses, centralized procurement available","raw-material traceability identification, finished product inspection, qa/qc inspectors, testing instruments, quality traceability",,2800,3800000,5,1200000,68,Yes,27,"North America(75%), Domestic Market(10%), Oceania(5%)",N/A,"Retailer, other|N/A, Wholesaler","light customization, sample processing, graphic processing, customized on demand",12,2
"Guangzhou Chiyi Industrial Co., Ltd.",https://passionate.en.alibaba.com/factory.html,"Guangdong, China",5,3 reviews,"Swimwear, Board Shorts, Beach Dress, Fitness And Yoga Wear, Rash Guard",_3h,93.50%,166,370000+,"agile supply chain, minor customization, design-based customization, sample-based customization, full customization","raw-material traceability identification, qa/qc inspectors, on-site material inspection, quality traceability",,2500,N/A,5,N/A,114,Yes,6,"North America(64%), South America(10%), Eastern Europe(10%)",N/A,"Retailer, Engineer, Wholesaler, Brand business, For private use, Manufacturer","sample processing, graphic processing, customized on demand",25000,4
"FUJIAN YIYUAN GROUP CO., LTD",https://yiyuanindustrial.en.alibaba.com/factory.html,N/A,N/A,N/A,,N/A,N/A,N/A,N/A,problem,problem,problem,N/A,N/A,N/A,N/A,N/A,N/A,N/A,N/A,N/A,N/A,N/A,N/A,N/A
Dongguan Huaduo Apparel Limited Company,https://xinshangxiu.en.alibaba.com/factory.html,"Guangdong, China",4.7,25 reviews,Kids Clothing Set /Kids Hoodie & Sweatshirt /Kids Pants & Shorts /Kids,_4h,97.10%,-,,"minor customization, design-based customization, sample-based customization, full customization","raw-material traceability identification, finished product inspection, qa/qc inspectors, testing instruments, on-site material inspection, quality traceability",,2700,N/A,6,N/A,42,Yes,3,"Oceania(30%), North America(20%), Western Europe(20%)",N/A,"Retailer, Wholesaler, Brand business, For private use, Manufacturer","graphic processing, sample processing, light customization, customized on demand",1200,4
Yiwu Joyyoung Apparel Factory,https://ijoyyoung.en.alibaba.com/factory.html,"Zhejiang, China",4.7,113 reviews,Sports Wear; Yoga Pants; Crop Tops; Women Yoga Set; Men Sports Wear,_7h,96.80%,-,,"agile supply chain, minor customization, design-based customization, sample-based customization, full customization","raw-material traceability identification, finished product inspection, qa/qc inspectors, on-site material inspection, quality traceability",,1000,N/A,N/A,N/A,N/A,Yes,1,"North America(40%), Western Europe(15%), Eastern Europe(13%)",N/A,"Retailer, Engineer, Wholesaler, Brand business, For private use, Manufacturer","graphic processing, light customization, customized on demand, sample processing, light customization, sample processing, graphic processing, customized on demand",269,1
"Yiwu Yawoo Clothing Co., Ltd.",https://yawoo.en.alibaba.com/factory.html,"Zhejiang, China",4.8,2 reviews,Baby Kids Clothing,_9h,77.80%,21,6000+,"agile supply chain, minor customization, design-based customization, sample-based customization, full customization","raw-material traceability identification, finished product inspection, qa/qc inspectors, on-site material inspection, quality traceability",,17531,N/A,N/A,N/A,62,Yes,2,North America(100%),N/A,N/A,"sample processing, customized on demand, graphic processing, sample processing, graphic processing, customized on demand",N/A,4
"OEM (Dongguan) Sportswear Co., Ltd.",https://oemsportswears.en.alibaba.com/factory.html,N/A,N/A,N/A,,N/A,N/A,N/A,N/A,problem,problem,problem,N/A,N/A,N/A,N/A,N/A,N/A,N/A,N/A,N/A,N/A,N/A,N/A,N/A
"Dongguan Pro Sportswear Co., Ltd.",https://prosportswear.en.alibaba.com/factory.html,"Guangdong, China",4.9,10 reviews,"Sportswear, Yoga Wear, Fitness Wear",_5h,96.90%,350,1200000+,"minor customization, design-based customization, sample-based customization, full customization","raw-material traceability identification, finished product inspection, qa/qc inspectors, on-site material inspection, quality traceability, warranty available",iso 9001,1500,N/A,3,N/A,50,Yes,5,"North America(45%), Western Europe(31%), Oceania(8%)",N/A,"Retailer, Engineer, Wholesaler, Brand business, For private use, Manufacturer","sample processing, graphic processing, customized on demand",90,2
"Shijiazhuang Aofeite Medical Device Co., Ltd.",https://cnxuda.en.alibaba.com/factory.html,"Hebei, China",4.6,164 reviews,"Posture Corrector, Waist Support Belt, Knee Brace, Maternity Belt, Ank",_4h,96.10%,539,230000+,"agile supply chain, minor customization, design-based customization, sample-based customization, full customization","raw-material traceability identification, finished product inspection, qa/qc inspectors, testing instruments, on-site material inspection, quality traceability","iso14001, ce",1200,46000000,2,N/A,84,Yes,10,"North America(25%), Western Europe(19%), Eastern Europe(13%)",N/A,"Retailer, Engineer, Wholesaler, Brand business, For private use, Manufacturer","customized on demand, graphic processing, sample processing",N/A,4
"Guangzhou Xintiandi Clothing Co., Ltd.",https://xintiandi1121.en.alibaba.com/factory.html,N/A,N/A,N/A,,N/A,N/A,N/A,N/A,problem,problem,problem,N/A,N/A,N/A,N/A,N/A,N/A,N/A,N/A,N/A,N/A,N/A,N/A,N/A
"Guangzhou Mywear Industrial Co., Ltd.",https://mywearoem.en.alibaba.com/factory.html,"Guangdong, China",4.9,6 reviews,"T-shirt, Tank Top, Hoodie, Jacket, Pant",_2h,98.10%,143,90000+,"agile supply chain, minor customization, design-based customization, sample-based customization, full customization","raw-material traceability identification, finished product inspection, qa/qc inspectors, on-site material inspection, quality traceability",,N/A,N/A,1,N/A,4,Yes,1,"North America(30%), Northern Europe(20%), Mid East(18%)",N/A,"Retailer, Engineer, Wholesaler, Brand business, For private use","light customization, customized on demand, sample processing, graphic processing, sample processing, graphic processing, customized on demand",260,2
"Zhejiang Jinbao Clothing Co., Ltd.",https://jinbao888.en.alibaba.com/factory.html,"Zhajiang, China",5,5 reviews,"Yoga Cloths, Underwear, Home Dress, Panties, Children's Clothing",_2h,87.30%,-,,,"raw-material traceability identification, qa/qc inspectors, on-site material inspection, quality traceability",,2000,N/A,3,N/A,45,Yes,1,"Domestic Market(60%), North America(10%), South America(10%)",N/A,"Retailer, Wholesaler, Brand business",N/A,N/A,N/A
"Hangzhou Jingzhan Import And Export Co., Ltd.",https://dailyrise.en.alibaba.com/factory.html,"Zhejiang, China",4.4,7 reviews,Kid Clothes,_11h,100.00%,104,160000+,"minor customization, design-based customization, sample-based customization, full customization","raw-material traceability identification, finished product inspection, qa/qc inspectors, testing instruments, on-site material inspection, quality traceability, warranty available",,858,1619188,2,200000,66,Yes,6,"Mid East(36%), Africa(13%), Southeast Asia(9%)",N/A,"Retailer, Engineer, Wholesaler, Brand business, For private use, Manufacturer","graphic processing, sample processing, customized on demand, sample processing, graphic processing",800,4
"Shenzhen Aoyema Apparel Co., Ltd.",https://jxlz.en.alibaba.com/factory.html,"Guangdong, China",4.7,36 reviews,Yoga Sets/Gym Fitness Sets/Seamless Underwear/Waist Trainer/Body Shape,_5h,93.60%,-,,"agile supply chain, minor customization, design-based customization, centralized procurement available, sample-based customization, full customization","raw-material traceability identification, finished product inspection, qa/qc inspectors, on-site material inspection, quality traceability",,1820,1200000,N/A,N/A,N/A,Yes,5,"North America(60%), Western Europe(10%), Northern Europe(10%)",N/A,"Retailer, Wholesaler, Brand business","light customization, sample processing, graphic processing, customized on demand, light customization, sample processing, graphic processing, customized on demand",1435,5
"Hangzhou Yushun Garment Co.,Ltd.",https://yingquanz.en.alibaba.com/factory.html,"Zhejiang, China",4.3,29 reviews,"Menwear, Womenwear, Kidswear, Accessories, Home textiles",_1h,100.00%,-,,"agile supply chain, minor customization, design-based customization, sample-based customization, full customization, one-stop procurement","raw-material traceability identification, finished product inspection, qa/qc inspectors, testing instruments, on-site material inspection, quality traceability",,700,N/A,3,N/A,23,Yes,3,"Western Europe(30%), Northern Europe(23%), Mid East(20%)",N/A,"Retailer, Engineer, Wholesaler, Brand business, For private use, Manufacturer","light customization, sample processing, graphic processing, customized on demand, light customization, sample processing, graphic processing, customized on demand",1800,5
"Zhejiang Pretty Clothing Co., Ltd.",https://prettyclothing.en.alibaba.com/factory.html,"Zhejiang, China",4.5,212 reviews,"Activewear, Children Clothing, Women Clothing, Men Clothing, National",_4h,99.10%,1131,730000+,"minor customization, design-based customization, sample-based customization, centralized procurement available","qa/qc inspectors, testing instruments, on-site material inspection, warranty available",,5360,11020000,4,1230000,138,Yes,15,"North America(51%), Western Europe(11%), South America(10%)",N/A,"Retailer, Wholesaler, For private use, Brand business, Manufacturer","light customization, sample processing, graphic processing, light customization, sample processing",7200,4
"Yiwu Ruidian Garment Co., Ltd.",https://ywruidian.en.alibaba.com/factory.html,"Zhejiang, China",4.6,90 reviews,Girls Clothes; Girls Top; Baby Top Romper; Girls Dress,_8h,97.30%,413,160000+,"design-based customization, sample-based customization, full customization","raw-material traceability identification, finished product inspection, qa/qc inspectors, on-site material inspection, quality traceability",,540,N/A,N/A,N/A,N/A,Yes,1,"North America(90%), Oceania(5%), Western Europe(5%)",N/A,"Retailer, Engineer, Wholesaler, Brand business","sample processing, graphic processing, customized on demand",65,1
"Yiwu Shangshan Trade Co., Ltd.",https://yiwushangshan.en.alibaba.com/factory.html,"Zhejiang, China",4.6,50 reviews,"Children's Garments, Children's Garments Accessories, Children Bags, C",_5h,86.50%,286,140000+,"minor customization, design-based customization, sample-based customization, full customization","raw-material traceability identification, qa/qc inspectors, on-site material inspection, quality traceability",,600,N/A,3,N/A,19,Yes,2,"North America(90%), Oceania(10%)",N/A,"Retailer, Wholesaler, Brand business","sample processing, graphic processing, customized on demand",200,1
BLACKTHORN WORLD,https://blackthornsports.trustpass.alibaba.com/factory.html,"Punjab, Pakistan",N/A,N/A,"Soccer ball, baseball, rugby, tennis, ice hockey, fishing uniforms, Po",_2h,N/A,N/A,N/A,minor customization,"finished product inspection, qa/qc inspectors, testing instruments",,240,425000,3,50000,57,Yes,13,"Western Europe(15%), Oceania(10%)",N/A,"Retailer, Wholesaler, Brand business",light customization,N/A,N/A
"Longyan Liyu Textile Technology Co., Ltd.",https://lygarments.en.alibaba.com/factory.html,"Fujian, China",N/A,N/A,"Swimwear, Sports Wear, Yoga Wear, Sports Safety",_7h,100.00%,-,,"minor customization, design-based customization, sample-based customization, full customization","raw-material traceability identification, finished product inspection, qa/qc inspectors, quality traceability",,3646,8511428,3,281500,90,Yes,4,N/A,N/A,"Retailer, Engineer, Wholesaler, Brand business, For private use, Manufacturer","customized on demand, graphic processing, sample processing, sample processing, graphic processing",600,9
"Dongguan Jimuni Apparel Co., Ltd.",https://jmn168.en.alibaba.com/factory.html,"Guangdong, China",5,2 reviews,Women's Clothing,_4h,91.70%,-,,"minor customization, design-based customization, sample-based customization, full customization","raw-material traceability identification, finished product inspection, qa/qc inspectors, testing instruments, on-site material inspection, quality traceability",,2670,N/A,4,N/A,79,Yes,7,"North America(40%), Western Europe(20%), Eastern Europe(10%)",N/A,"Retailer, Wholesaler, Brand business, For private use","sample processing, graphic processing, customized on demand, sample processing, graphic processing, customized on demand",800,1
"Zhejiang Ballake Supply Chain Technology Development Co., Ltd.",https://worldup3.en.alibaba.com/factory.html,"Zhejiang, China",N/A,N/A,Men's Wear/Women's Wear/Coat/Sports Wear/Underwear,>24h,100.00%,-,,"minor customization, design-based customization, sample-based customization, full customization, centralized procurement available","raw-material traceability identification, finished product inspection, qa/qc inspectors, testing instruments, on-site material inspection, quality traceability",,6514,4572511,10,N/A,75,Yes,18,"North America(40%), Eastern Europe(28%), South America(10%)",N/A,"Retailer, Engineer, Wholesaler, Brand business, For private use, Manufacturer","graphic processing, customized on demand, sample processing, light customization, light customization, sample processing, graphic processing, customized on demand",N/A,13
"Guangxi Zhongjian Sports And Leisure Clothing Co., Ltd.",https://chinjane3.en.alibaba.com/factory.html,"Guangxi, China",4.3,26 reviews,Football Suit/Basketball Suit/Shorts & Pants/Sport Ja cket/Running T S,_4h,100.00%,50,60000+,"agile supply chain, minor customization, design-based customization, sample-based customization, full customization, one-stop procurement, 3d design capabilities","raw-material traceability identification, finished product inspection, qa/qc inspectors, testing instruments, on-site material inspection, quality traceability",iso14001,16000,7006732,50,N/A,479,Yes,10,"North America(60%), Eastern Europe(10%), South America(5%)",N/A,"Retailer, Wholesaler, For private use, Manufacturer","light customization, sample processing, graphic processing, customized on demand",N/A,8
"Dongguan Hao Ying Garment Industry Co., Ltd",https://cypressport.en.alibaba.com/factory.html,"Guangdong, China",N/A,N/A,"Sportswear, Casual Wear",_2h,50.00%,-,,"agile supply chain, minor customization, design-based customization, sample-based customization, full customization","raw-material traceability identification, finished product inspection, qa/qc inspectors, on-site material inspection, quality traceability, warranty available",,35000,N/A,10,N/A,242,Yes,3,"Eastern Europe(25%), Mid East(25%), Western Europe(25%)",N/A,"Retailer, Engineer, Wholesaler, Brand business, For private use, Manufacturer","sample processing, graphic processing, customized on demand, sample processing, graphic processing, customized on demand",80,3
"Foshan Young Sprouts Fashion International Trade Co., Ltd.",https://dottiesprout.en.alibaba.com/factory.html,"Guangdong, China",5,1 reviews,"Girls Dresses, Children's Hanfu, Baby Dresses, Toddler Girls Dresses,",_4h,50.00%,-,,"minor customization, design-based customization, sample-based customization, full customization","raw-material traceability identification, finished product inspection, qa/qc inspectors, on-site material inspection, quality traceability, warranty available",,1000,N/A,5,N/A,30,Yes,2,"Domestic Market(90%), North America(5%), Western Europe(5%)",N/A,"Retailer, Engineer, Wholesaler, Brand business, For private use, Manufacturer","sample processing, graphic processing, customized on demand, no",800,0
"Zhoukou Jifeng Clothing Co., Ltd.",https://zkjifengfs.en.alibaba.com/factory.html,"Henan, China",4.3,77 reviews,Outdoor leisure products/Tactical products/Tactical T shirts/Tactical,_4h,99.70%,404,100000+,"minor customization, design-based customization, sample-based customization, full customization","raw-material traceability identification, finished product inspection, qa/qc inspectors, on-site material inspection, quality traceability",,2000,N/A,N/A,500000,N/A,Yes,6,"North America(40%), South America(10%), Eastern Europe(5%)",N/A,"Retailer, Wholesaler, Brand business, For private use","sample processing, graphic processing, customized on demand",5,0
"Dongguan City Fanfeizi Apparel Co., Ltd.",https://izh.en.alibaba.com/factory.html,"Guangdong, China",5,35 reviews,"Dress, Gym Wear Sets, Yoga Wear, Hoodies, T-Shirt",_2h,100.00%,41,40000+,"minor customization, design-based customization, sample-based customization, full customization","raw-material traceability identification, finished product inspection, qa/qc inspectors, testing instruments, on-site material inspection, quality traceability",,1100,N/A,3,1447000,98,Yes,3,"North America(65%), Domestic Market(20%), Eastern Europe(5%)",N/A,"Retailer, Engineer, Wholesaler, Brand business, Manufacturer","light customization, sample processing, customized on demand, graphic processing",3230,6
QUICK INDUSTRIES,https://quickinds.trustpass.alibaba.com/factory.html,"Punjab, Pakistan",N/A,N/A,"Soccer ball, baseball, rugby, ice hockey, tennis, cricket uniform, Spo",_2h,N/A,N/A,N/A,minor customization,"finished product inspection, qa/qc inspectors, testing instruments",,180,700000,2,65000,18,N/A,9,"Central America(70%), Northern Europe(15%), Oceania(10%)",N/A,"Retailer, Wholesaler, Brand business",light customization,N/A,N/A
"Dongguan Ruihang Apparel Co., Ltd.",https://rhapparel.en.alibaba.com/factory.html,"Guangdong, China",5,4 reviews,"Women's Clothing, Men's Clothing, Sleepwear, Dresses, T-Shirt",_7h,100.00%,101,170000+,"design-based customization, sample-based customization, full customization","raw-material traceability identification, finished product inspection, qa/qc inspectors, testing instruments, on-site material inspection, quality traceability, warranty available",,450,0,3,N/A,40,Yes,3,"Central America(20%), South America(10%), Eastern Europe(10%)",N/A,"Retailer, Engineer, Wholesaler, Brand business, For private use, Manufacturer","sample processing, graphic processing, customized on demand, sample processing, graphic processing, customized on demand",1000,4
"Yiwu Pankai Clothing Co., Ltd.",https://ywpankai.en.alibaba.com/factory.html,"Zhejiang, China",4.8,43 reviews,Children's Suit; Children's Onesie; Children's Shorts; Children's Skir,_4h,83.20%,-,,"agile supply chain, minor customization, design-based customization, sample-based customization, full customization","raw-material traceability identification, finished product inspection, qa/qc inspectors, on-site material inspection, quality traceability",,500,N/A,N/A,N/A,N/A,Yes,2,"North America(50%), South America(10%), Northern Europe(10%)",N/A,"Retailer, Engineer, Wholesaler, Brand business, For private use, Manufacturer","light customization, sample processing, graphic processing, customized on demand",200,1
"Jiangxi Dehan Clothing Co., Ltd.",https://dehanclothing.en.alibaba.com/factory.html,"Jiangxi, China",5,2 reviews,"T-Shirts, Hoodies & Sweatshirts, Pants & Trousers, Polo Shirts, Jacket",_1h,100.00%,-,,"agile supply chain, minor customization, design-based customization, sample-based customization, full customization","raw-material traceability identification, finished product inspection, qa/qc inspectors, on-site material inspection, quality traceability",,827,N/A,2,N/A,64,Yes,2,"North America(40%), Mid East(20%), Southern Europe(20%)",N/A,"Retailer, For private use, Manufacturer","sample processing, graphic processing, customized on demand, sample processing, graphic processing, customized on demand",710,5
"Jiangxi Artisan Garment Co., Ltd.",https://atezan.en.alibaba.com/factory.html,"Jiangxi, China",5,13 reviews,"T-shirt, Hoodie, Shorts, POLO Shirt, Sports Set",_2h,97.60%,94,40000+,"minor customization, design-based customization, sample-based customization, full customization","finished product inspection, qa/qc inspectors",,900,N/A,6,145000,29,Yes,2,"North America(50%), Domestic Market(15%), South America(10%)",N/A,"Brand business, Manufacturer","sample processing, graphic processing, customized on demand",6200,0
"Changshu Feima Garment Accessories Co., Ltd.",https://szfeima.en.alibaba.com/factory.html,"Jiangsu, China",4.9,8 reviews,"Zipper, Hang Tag, Label, Buttons",_4h,87.10%,52,20000+,"minor customization, design-based customization, sample-based customization, full customization","raw-material traceability identification, finished product inspection, qa/qc inspectors, on-site material inspection, quality traceability, warranty available",,15585,N/A,16,6000000,113,Yes,3,"North America(40%), South America(10%), Eastern Europe(10%)",N/A,N/A,"light customization, sample processing, graphic processing, customized on demand",1200,1
Guangzhou Yimei Wool Knitting Factory,https://ymone.en.alibaba.com/factory.html,"Guangdong, China",N/A,N/A,"Sweater, Cardigen Outfit, Pullover Dress, Tank Top, Pullover",_17h,100.00%,-,,"minor customization, design-based customization, sample-based customization, full customization","finished product inspection, qa/qc inspectors, testing instruments, on-site material inspection",,7356,N/A,20,1400000,58,Yes,7,"North America(70%), Western Europe(20%), Eastern Europe(5%)",N/A,"Wholesaler, Brand business","sample processing, graphic processing, customized on demand",300,5
"Guangzhou Yudi Clothing Co., Ltd.",https://yudi1688.en.alibaba.com/factory.html,"Guangdong, China",4.2,32 reviews,"Men's Hoodies & Sweatshirts, Men's T-Shirts, Men's Pants & Trousers, W",_5h,100.00%,115,60000+,"agile supply chain, minor customization, design-based customization, sample-based customization, full customization","raw-material traceability identification, finished product inspection, qa/qc inspectors, testing instruments, on-site material inspection, quality traceability",,2000,N/A,5,N/A,130,Yes,6,"Confidential(30%), Confidential(10%), Confidential(5%)",N/A,"Retailer, Engineer, Wholesaler, Brand business, For private use, Manufacturer","light customization, sample processing, graphic processing, customized on demand",100,3
TEE TECH APPARELS,https://teetechapparels.trustpass.alibaba.com/factory.html,"Punjab, Pakistan",N/A,N/A,"Soccer, rugby, basketball, baseball, tennis, ice hockey, cycling, cric",_16h,N/A,N/A,N/A,"design-based customization, sample-based customization","finished product inspection, qa/qc inspectors, testing instruments","iso 9001, iso45001, ce",950,1850000,2,85000,47,Yes,5,"North America(65%), Northern Europe(25%), Oceania(10%)",N/A,"Retailer, Wholesaler, Brand business","sample processing, graphic processing",N/A,N/A
"Louis Clothing (Foshan) Co., Ltd.",https://yilufs.en.alibaba.com/factory.html,"Guangdong, China",4.6,57 reviews,"Dress, Shirt & Blouse, Skirt, Coat, T-shirt",_4h,90.90%,-,,"minor customization, design-based customization, sample-based customization, full customization","raw-material traceability identification, finished product inspection, qa/qc inspectors, on-site material inspection, quality traceability",,620,N/A,5,N/A,26,Yes,5,"North America(40%), Southeast Asia(10%), Eastern Europe(5%)",N/A,"Retailer, Engineer, Wholesaler, Brand business, For private use, Manufacturer","graphic processing, sample processing, graphic processing, customized on demand",10000,3
"Dongguan Auming Garment Co., Ltd.",https://dgziying.en.alibaba.com/factory.html,"Guangdong, China",4.8,50 reviews,"Yoga Sets, Sportswear",_2h,98.30%,81,20000+,"minor customization, design-based customization, sample-based customization, full customization","raw-material traceability identification, finished product inspection, qa/qc inspectors, testing instruments, on-site material inspection, quality traceability",,1550,1700000,4,110000,N/A,Yes,2,"North America(50%), Oceania(40%), Western Europe(10%)",N/A,Brand business,"light customization, sample processing, graphic processing, customized on demand",200,1
"Dongguan Yougo Sports Goods Co., Ltd.",https://yugasports.en.alibaba.com/factory.html,"Guangdong, China",N/A,N/A,"Yoga Leggings, Yoga Bra, Yoga Fitness Sets, Hoodie, Tracksuits",_4h,0.00%,-,,"minor customization, design-based customization, sample-based customization, full customization","raw-material traceability identification, finished product inspection, qa/qc inspectors, on-site material inspection, quality traceability",,1400,820000,2,N/A,56,Yes,11,"North America(70%), Oceania(10%), Eastern Europe(10%)",N/A,"Retailer, For private use","light customization, sample processing, graphic processing, customized on demand, sample processing, graphic processing, customized on demand",2300,2
"Shenzhen Bibo Electronic Commerce Co., Ltd.",https://shinbene.en.alibaba.com/factory.html,"Guangdong, China",4.8,134 reviews,"Sports Bras, Yoga Leggings, Sports Sets, Tracksuits , Hoodies Sweatshi",_3h,98.70%,-,,"agile supply chain, minor customization, design-based customization, sample-based customization, full customization","raw-material traceability identification, finished product inspection, qa/qc inspectors, quality traceability",,4169,N/A,1,190000,83,Yes,8,"North America(65%), Oceania(10%), Western Europe(10%)",N/A,"Retailer, Engineer, Wholesaler, For private use, Brand business, Manufacturer","no, light customization, sample processing, graphic processing, customized on demand",740,5
"Jiangyin Polman Knitting Garments Co., Ltd.",https://polm1.en.alibaba.com/factory.html,"Jiangsu, China",4.2,31 reviews,"Sweatsuit, Dress, Pajamas, Children's Wear, Women Clothing",_5h,94.60%,94,60000+,"minor customization, design-based customization, sample-based customization","raw-material traceability identification, qa/qc inspectors, on-site material inspection, quality traceability","grs, wrap",25000,8820000,10,N/A,342,Yes,4,"North America(40%), Eastern Europe(10%), Southeast Asia(10%)",N/A,N/A,"light customization, sample processing, graphic processing",500,15
"Guangzhou Healy Apparel Co., Ltd.",https://healysport.en.alibaba.com/factory.html,"Guangdong, China",4.9,58 reviews,"T-Shirts, Polo Shirts, Tank Top, Hoodies, Sweatshirt, Tracksuit & Jack",_6h,88.90%,-,,"agile supply chain, minor customization, design-based customization, sample-based customization, full customization, one-stop procurement, 3d design capabilities","raw-material traceability identification, finished product inspection, qa/qc inspectors, testing instruments, on-site material inspection, quality traceability",,8000,5000000,N/A,2400000,N/A,Yes,4,"Mid East(31%), North America(25%), Western Europe(22%)",N/A,"Retailer, Wholesaler, Brand business, For private use, Manufacturer","light customization, sample processing, graphic processing, customized on demand",240,12
"Guangzhou Yuedong Clothing Co., Ltd.",https://gzyuedong888.en.alibaba.com/factory.html,"Guangdong, China",4.5,33 reviews,"Tshirt, Hoodie, Shirt, Shorts, Sportwear",_5h,92.70%,-,,"agile supply chain, minor customization, design-based customization, sample-based customization, full customization","raw-material traceability identification, finished product inspection, qa/qc inspectors, on-site material inspection, quality traceability",,15270,1261849,10,N/A,228,Yes,10,"North America(25%), South America(20%), Domestic Market(15%)",N/A,"Retailer, Engineer, Wholesaler, Brand business, For private use, Manufacturer","sample processing, graphic processing, customized on demand, sample processing, graphic processing, customized on demand",550,6
"Ganzhou Shunying Clothing Co., Ltd.",https://shunyingfushi.en.alibaba.com/factory.html,"Jiangxi, China",4.8,12 reviews,"Outdoor Sports Leisure Series Sportswear/ Camping Suit/ Pie Conquer, C",_2h,96.90%,-,,"agile supply chain, minor customization, design-based customization, sample-based customization, full customization","raw-material traceability identification, qa/qc inspectors, on-site material inspection, quality traceability",,5000,N/A,N/A,500000,N/A,Yes,7,"North America(40%), South America(20%), Western Europe(20%)",N/A,"Retailer, Wholesaler, Brand business","graphic processing, sample processing, light customization, customized on demand",40,8
"Yiwu Jiangyu Clothing Co., Ltd.",https://jywiangyu.en.alibaba.com/factory.html,"Zhejiang, China",4.6,18 reviews,"GYM Fitness Set, Hoodies Sweatshirts, Sports Bra, Yoga Leggings, Yoga",_5h,83.30%,52,50000+,"minor customization, design-based customization, sample-based customization, full customization","raw-material traceability identification, finished product inspection, qa/qc inspectors, on-site material inspection, quality traceability",,2700,N/A,6,528000,82,Yes,2,"Domestic Market(67%), North America(15%), Eastern Europe(10%)",N/A,"Retailer, Engineer, Wholesaler, Brand business, Manufacturer","graphic processing, sample processing, customized on demand",447,1
"Dongguan Jzj Garment Co., Ltd.",https://jzj68.en.alibaba.com/factory.html,"Guangdong, China",N/A,N/A,"Women Clothing, Plus Size Clothing, Hoodies, Jackets",_2h,100.00%,-,,"agile supply chain, minor customization, design-based customization, sample-based customization, full customization","finished product inspection, qa/qc inspectors, testing instruments, on-site material inspection",,420,N/A,2,N/A,20,Yes,1,"North America(78%), Northern Europe(14%), Western Europe(5%)",N/A,"Retailer, Wholesaler, Brand business, For private use","light customization, sample processing, graphic processing, customized on demand, no",44,1
"Shangqiu Meimei Clothing Co., Ltd.",https://bekhanm.en.alibaba.com/factory.html,"Henan, China",4.5,65 reviews,Children Wear,_2h,100.00%,-,,"minor customization, design-based customization, sample-based customization, full customization","raw-material traceability identification, finished product inspection, qa/qc inspectors, on-site material inspection, quality traceability",,2400,N/A,1,6000000,60,Yes,10,"Domestic Market(80%), Southeast Asia(20%)",N/A,"Retailer, Wholesaler, Brand business, For private use","light customization, sample processing, graphic processing, customized on demand",20,3
