Manufacturer Name,Score,Reviews,Average Response Time,On-time Delivery Rate,Order Info,Verified Capabilities,Floor Space (㎡),Annual Export Revenue (USD),Production Lines,Total Annual Output (Units),Production Machines,Quality Control on All Lines,QA/QC Inspectors,Main Markets,Supply Chain Partners,Main Client Types,Customization Options,New Products Launched Last Year,R&D Engineers
"Shenzhen Becarin Apparel Co., Ltd.",4.9,56 reviews,≤4h,93.8%,"US $640,000+","['Minor customization', 'Full customization', 'Finished product inspection', 'Warranty available']",N/A,N/A,N/A,N/A,N/A,N/A,N/A,N/A,N/A,N/A,N/A,N/A,N/A
Yiwu Joyyoung Apparel Factory,4.7,109 reviews,≤8h,96.1%,-,"['Minor customization', 'Design-based customization', 'Finished product inspection', 'QA/QC inspectors (1)']",1000,N/A,N/A,N/A,126,Yes,1,"North America(40%), Western Europe(15%), Eastern Europe(13%)",N/A,"Retailer, Engineer, Wholesaler, Brand business, For private use, Manufacturer","graphic processing, light customization, customized on demand, sample processing, light customization, sample processing, graphic processing, customized on demand",269,1
"Henan Lignes Apparel Co., ltd.",N/A,N/A,≤2h,100.0%,-,"['Minor customization', 'Design-based customization', 'Raw-material traceability identification', 'Finished product inspection']",1386,-,1,-,42,Yes,2,"North America(40%), Western Europe(35%), Southern Europe(10%)",N/A,"Wholesaler, Brand business","sample processing, graphic processing, customized on demand",100,2
"Guangzhou Miqi Apparel Co., Ltd.",4.6,20 reviews,≤3h,100.0%,"US $1,100,000+","['Agile supply chain', 'Design-based customization', 'Finished product inspection', 'QA/QC inspectors (7)', 'Oeko-Tex standard 100 certificate']",1576,N/A,3,N/A,45,Yes,5,"North America(60%), Northern Europe(16%), Domestic Market(10%)",N/A,"Retailer, Wholesaler, Brand business","sample processing, graphic processing, customized on demand",30,1
"Shantou Xianda Apparel Industrial Co., Ltd.",4.7,50 reviews,≤5h,100.0%,-,"['Minor customization', 'Design-based customization', 'Finished product inspection', 'QA/QC inspectors (10)', 'BSCI certificate']",5100,12390568,4,N/A,54,Yes,7,"North America(40%), Oceania(20%), Western Europe(10%)",N/A,"Retailer, Engineer, Wholesaler, Brand business, For private use, Manufacturer","light customization, customized on demand, sample processing, graphic processing",2000,21
"Guangzhou Healy Apparel Co., Ltd.",4.8,59 reviews,≤4h,89.5%,-,"['Agile supply chain', 'One-stop procurement', 'Finished product inspection', 'QA/QC inspectors (4)']",8000,2686962,N/A,1800000,N/A,Yes,4,"Mid East(31%), North America(25%), Western Europe(22%)",N/A,"Retailer, Brand business, For private use, Manufacturer","light customization, sample processing, graphic processing, customized on demand",N/A,12
NORTHAM APPAREL CO,N/A,N/A,≤1h,N/A,N/A,"['Minor customization', 'Finished product inspection', 'QA/QC inspectors (17)']",3500,2000000,5,250000,120,Yes,17,"North America(90%), Oceania(5%), Western Europe(5%)",N/A,"Retailer, Wholesaler, Brand business","light customization, sample processing",N/A,N/A
MOEED APPAREL CO,N/A,N/A,≤1h,-,-,"['Minor customization', 'Design-based customization', 'Finished product inspection', 'QA/QC inspectors (17)']",3500,2000000,5,250000,124,Yes,17,"North America(90%), Oceania(5%), Western Europe(5%)",N/A,"Retailer, Wholesaler, Brand business","light customization, sample processing, graphic processing",N/A,0
"Pujiang Yuyao Industrial And Trading Co., Ltd.",4.8,93 reviews,≤4h,96.9%,"US $810,000+","['Minor customization', 'Sample-based customization', 'Finished product inspection', 'QA/QC inspectors (2)']",7819,N/A,2,655000,54,Yes,2,"North America(50%), Oceania(10%), Western Europe(10%)",N/A,N/A,"customized on demand, light customization, sample processing, graphic processing",1200,2
"Zhuji Uron Apparel Co., Ltd.",4.8,55 reviews,≤3h,96.2%,"US $220,000+","['Agile supply chain', 'Design-based customization', 'Raw-material traceability identification', 'Finished product inspection', 'Oeko-Tex standard 100 certificate']",7819,N/A,2,655000,54,Yes,2,"North America(50%), Oceania(10%), Western Europe(10%)",N/A,N/A,"customized on demand, light customization, sample processing, graphic processing",1200,2
"Dongguan King Young Apparel Co., Ltd.",4.6,71 reviews,≤2h,98.6%,"US $450,000+","['Design-based customization', 'Full customization', 'Finished product inspection', 'Quality traceability']",1800,1032020,4,3200000,80,Yes,4,"North America(40%), Eastern Europe(10%), Western Europe(10%)",N/A,"Retailer, Wholesaler, Brand business, Manufacturer","light customization, graphic processing, sample processing, customized on demand",1000,3
"Dongguan City Hongyu Apparel Co., Ltd.",4.9,7 reviews,≤3h,97.4%,"US $660,000+","['Agile supply chain', 'Minor customization', 'Finished product inspection', 'QA/QC inspectors (4)']",1800,2229381,N/A,N/A,122,Yes,4,"North America(70%), South America(5%), Southeast Asia(5%)",N/A,"Retailer, Wholesaler, Brand business, For private use","light customization, sample processing, graphic processing, customized on demand",500,8
"Dongguan AMAN Apparel Co., Ltd.",4.5,44 reviews,≤5h,98.2%,"US $160,000+","['Sample-based customization', 'Full customization', 'Finished product inspection', 'QA/QC inspectors (10)']",4000,-,2,-,58,Yes,10,"North America(30%), Western Europe(20%), Oceania(10%)",N/A,"Retailer, Wholesaler, Brand business, For private use, Manufacturer","light customization, sample processing, graphic processing, customized on demand",7200,7
"Hubei Hui Li Apparel Co., Ltd.",4.9,12 reviews,≤4h,88.5%,-,"['Minor customization', 'Design-based customization', 'Finished product inspection', 'QA/QC inspectors (15)', 'BSCI certificate']",16089,N/A,4,N/A,203,Yes,15,"North America(60%), Western Europe(20%), Oceania(19%)",N/A,"Retailer, Wholesaler, Brand business","light customization, sample processing, graphic processing, customized on demand",2000,10
MEHMET APPAREL CO,N/A,N/A,≤1h,N/A,N/A,[],3500,4000000,5,600000,257,Yes,51,"North America(90%), Oceania(5%), Western Europe(5%)",N/A,N/A,"sample processing, graphic processing, light customization",N/A,N/A
"Vosea Apparel Co., Ltd.",4.8,41 reviews,≤3h,99.4%,"US $270,000+","['Minor customization', 'Design-based customization', 'Raw-material traceability identification', 'Finished product inspection']",2304,2144617,2,N/A,196,Yes,3,"North America(60%), Western Europe(30%), Northern Europe(10%)",N/A,N/A,"light customization, sample processing, graphic processing, customized on demand, light customization, sample processing, graphic processing, customized on demand",500,2
"Yiwu City Yiyuan Apparel Co., Ltd.",4.4,48 reviews,≤6h,84.5%,"US $190,000+","['Design-based customization', 'Full customization', 'Raw-material traceability identification', 'Finished product inspection']",3000,10000000,3,N/A,57,Yes,4,"North America(60%), Oceania(30%), Domestic Market(10%)",N/A,N/A,"light customization, sample processing, graphic processing, customized on demand",600,5
"Jiaxing Supertec Apparel Co., Ltd.",4.5,40 reviews,≤2h,100.0%,"US $90,000+","['Minor customization', 'Design-based customization', 'Raw-material traceability identification', 'Finished product inspection', 'RoHS certificate']",3000,10000000,3,N/A,57,Yes,4,"North America(60%), Oceania(30%), Domestic Market(10%)",N/A,N/A,"light customization, sample processing, graphic processing, customized on demand",600,5
"Jurong Boyue Apparel Co., Ltd.",4.9,115 reviews,≤3h,99.3%,"US $350,000+","['Sample-based customization', 'Raw-material traceability identification', 'Finished product inspection', 'BSCI certificate']",5300,N/A,5,N/A,80,Yes,8,"Mid East(20%), Oceania(20%), Africa(20%)",N/A,"Retailer, Engineer, Wholesaler, Brand business, For private use, Manufacturer",customized on demand,290,4
"Dongguan Xinyan Garment Co., Ltd.",4.6,51 reviews,≤2h,97.4%,-,"['Design-based customization', 'Full customization', 'Raw-material traceability identification', 'Finished product inspection']",550,N/A,5,152000,72,Yes,3,N/A,N/A,"Retailer, Wholesaler, Brand business, For private use, Manufacturer","light customization, sample processing, graphic processing, customized on demand, no",11480,3
"Shenzhen Welsh Sports Apparel Co., Ltd.",5.0,54 reviews,≤2h,99.6%,"US $470,000+","['Minor customization', 'Design-based customization', 'Finished product inspection', 'QA/QC inspectors (3)']",1300,1110000,6,N/A,50,Yes,3,"Oceania(40%), North America(30%), Domestic Market(10%)",N/A,"Retailer, Wholesaler, Brand business, Manufacturer","light customization, customized on demand, sample processing, graphic processing, no",700,3
"Dongguan Zita Apparel Co., Ltd.",4.3,5 reviews,≤3h,94.9%,"US $50,000+","['Full customization', 'Finished product inspection', 'QA/QC inspectors (3)']",850,2360000,3,-,45,Yes,3,"North America(45%), Oceania(30%), Western Europe(10%)",N/A,"Retailer, Engineer, Wholesaler, Brand business, For private use, Manufacturer","sample processing, graphic processing, customized on demand, sample processing, graphic processing, customized on demand",400,4
"Dongguan Zhuoyi Apparel Co., Ltd.",4.7,13 reviews,≤4h,88.8%,"US $250,000+","['Minor customization', 'Finished product inspection', 'QA/QC inspectors (1)']",800,N/A,1,N/A,52,Yes,1,"North America(30%), Western Europe(20%), Oceania(10%)",N/A,"Retailer, Wholesaler, Brand business, For private use, Manufacturer","light customization, customized on demand, sample processing, graphic processing",500,1
"Guangzhou Huili Apparel Co., Ltd.",4.5,7 reviews,≤6h,81.5%,"US $150,000+","['Design-based customization', 'Full customization', 'Finished product inspection', 'QA/QC inspectors (2)', 'BSCI certificate']",2400,N/A,10,N/A,67,Yes,2,"North America(50%), Western Europe(28%), Oceania(10%)",N/A,"Retailer, Engineer, Wholesaler, Brand business, For private use, Manufacturer","sample processing, graphic processing, customized on demand",3600,2
"Dongguan Sangheng Apparel Co., Ltd.",4.9,7 reviews,≤2h,100.0%,-,"['Design-based customization', 'Full customization', 'Finished product inspection', 'Quality traceability']",684,N/A,3,N/A,30,Yes,1,"North America(27%), South America(18%), Eastern Europe(5%)",N/A,"Retailer, Engineer, Wholesaler, Brand business, For private use, Manufacturer","sample processing, graphic processing, customized on demand",150,1
"Yulin Yuzhou District Yipinyanghua Apparel Co., Ltd.",4.8,24 reviews,≤2h,100.0%,-,"['Agile supply chain', 'Full customization', 'Finished product inspection', 'QA/QC inspectors (2)']",1700,N/A,0,N/A,0,Yes,2,"North America(30%), Africa(20%), South America(15%)",N/A,"Retailer, Wholesaler, Brand business","light customization, sample processing, graphic processing, customized on demand",200,2
"Shaoxing Keqiao Sred Apparel Co., Ltd.",5.0,2 reviews,≤5h,62.5%,-,"['Minor customization', 'Design-based customization', 'Raw-material traceability identification', 'Finished product inspection']",3000,N/A,2,N/A,45,Yes,3,"North America(80%), Western Europe(10%), Domestic Market(10%)",N/A,"Retailer, Wholesaler, Brand business","light customization, sample processing, customized on demand, graphic processing",300,3
"Fultex Apparel (xiamen) Co., Ltd.",3.9,3 reviews,≤5h,100.0%,-,"['Minor customization', 'Design-based customization', 'Raw-material traceability identification', 'Finished product inspection']",3000,N/A,2,N/A,45,Yes,3,"North America(80%), Western Europe(10%), Domestic Market(10%)",N/A,"Retailer, Wholesaler, Brand business","light customization, sample processing, customized on demand, graphic processing",300,3
"Dongguan Enst Apparel Co., Ltd.",5.0,4 reviews,≤4h,80.0%,-,"['Design-based customization', 'Full customization', 'Raw-material traceability identification', 'Finished product inspection']",5100,N/A,2,N/A,43,Yes,4,"North America(30%), Western Europe(30%), Oceania(20%)",N/A,"Retailer, Engineer, Wholesaler, Brand business, Manufacturer","graphic processing, sample processing, customized on demand, sample processing, graphic processing, customized on demand",1800,11
"Quanzhou Ruike Apparel Co., Ltd.",4.9,38 reviews,≤2h,100.0%,"US $120,000+","['Minor customization', 'Design-based customization']",5613,N/A,2,N/A,70,Yes,3,"North America(50%), Western Europe(15%), South America(10%)",N/A,"Retailer, Engineer, Wholesaler, Brand business, For private use, Manufacturer","sample processing, graphic processing, customized on demand",800,7
"Dongguan Aika Apparel Co., Ltd.",4.9,16 reviews,≤3h,98.3%,"US $230,000+","['Design-based customization', 'Full customization', 'Finished product inspection', 'QA/QC inspectors (8)']",1000,N/A,3,N/A,128,Yes,8,"Western Europe(28%), North America(27%), Eastern Europe(22%)",N/A,"Wholesaler, Brand business, For private use","light customization, sample processing, graphic processing, customized on demand, sample processing",200,8
"Guangzhou Xinlilai Apparel Industry Co., Ltd.",5.0,2 reviews,≤8h,100.0%,-,"['Design-based customization', 'Full customization', 'Finished product inspection']",500,N/A,8,N/A,220,Yes,2,"North America(50%), Western Europe(20%), Southeast Asia(7%)",N/A,"Retailer, Engineer, Wholesaler, Brand business, For private use, Manufacturer","light customization, sample processing, graphic processing, customized on demand, light customization, sample processing, customized on demand, graphic processing",200,2
"Dongguan Limi Apparel Co., Ltd.",4.6,12 reviews,≤7h,98.7%,"US $230,000+","['Minor customization', 'Design-based customization', 'Raw-material traceability identification', 'Finished product inspection']",1700,N/A,5,N/A,48,Yes,8,"North America(65%), Western Europe(20%), Mid East(10%)",N/A,"Retailer, Wholesaler, Brand business, For private use","sample processing, graphic processing, customized on demand, sample processing, graphic processing, customized on demand",200,1
"Guangzhou Michi Apparel Co., Ltd.",4.8,5 reviews,≤3h,100.0%,-,"['Agile supply chain', 'Minor customization', 'Raw-material traceability identification', 'Finished product inspection']",500,-,2,-,66,Yes,3,-,N/A,"Retailer, Engineer, Wholesaler, Brand business, For private use, Manufacturer","sample processing, graphic processing, customized on demand",500,5
"Dongguan Artisan Apparel Co., Ltd.",5.0,31 reviews,≤5h,96.4%,-,"['Full customization', 'Finished product inspection', 'QA/QC inspectors (5)', 'sedex certificate']",3200,1532489,5,N/A,110,Yes,5,"North America(30%), Western Europe(20%), Oceania(15%)",N/A,"Retailer, Engineer, Wholesaler, Brand business, For private use, Manufacturer","sample processing, graphic processing, customized on demand",1000,5
"Guangzhou Boshi Apparel Co., Ltd.",5.0,2 reviews,≤5h,100.0%,"US $4,000+","['Minor customization', 'Full customization', 'Raw-material traceability identification', 'Finished product inspection']",5300,-,5,-,80,Yes,8,"Mid East(20%), Oceania(20%), Africa(20%)",N/A,"Retailer, Engineer, Wholesaler, Brand business, For private use, Manufacturer",customized on demand,290,4
"Beijing Qianbaidu Garment Co., Ltd.",4.9,52 reviews,≤5h,92.0%,"US $190,000+","['Minor customization', 'Full customization', 'Raw-material traceability identification', 'Finished product inspection', 'ISO14001 certificate']",5300,N/A,5,N/A,80,Yes,8,"Mid East(20%), Oceania(20%), Africa(20%)",N/A,"Retailer, Engineer, Wholesaler, Brand business, For private use, Manufacturer",customized on demand,290,4
"Dongguan Senzhou Garment Co., Ltd.",5.0,8 reviews,≤3h,97.1%,"US $50,000+","['Design-based customization', 'Full customization', 'QA/QC inspectors (8)', 'On-site material inspection']",2400,N/A,5,N/A,40,Yes,8,"North America(28%), Western Europe(22%), Domestic Market(20%)",N/A,"Retailer, Engineer, Wholesaler, Brand business, For private use, Manufacturer","sample processing, graphic processing, customized on demand, sample processing, graphic processing, customized on demand",750,7
"Dongguan Yucai Apparel Co., Ltd.",5.0,1 reviews,≤3h,98.2%,"US $260,000+","['Design-based customization', 'Full customization', 'Finished product inspection', 'QA/QC inspectors (4)', 'sedex certificate']",1000,N/A,2,N/A,53,Yes,4,"North America(60%), Domestic Market(20%), Eastern Europe(5%)",N/A,"Retailer, Wholesaler, Brand business, For private use","sample processing, graphic processing, customized on demand, sample processing, graphic processing, customized on demand",500,2
"Dongguan Zilan Apparel Co., Ltd.",4.2,2 reviews,≤4h,88.9%,"US $6,000+","['Design-based customization', 'Raw-material traceability identification', 'Finished product inspection']",1200,N/A,3,N/A,55,Yes,2,"North America(44%), Southeast Asia(44%), South America(1%)",N/A,"Retailer, Engineer, Wholesaler, Brand business, For private use, Manufacturer","sample processing, graphic processing, customized on demand",500,8
"Dongguan Ruihang Apparel Co., Ltd.",5.0,4 reviews,≤7h,100.0%,"US $140,000+","['Design-based customization', 'Sample-based customization', 'Raw-material traceability identification', 'Finished product inspection']",450,0,3,N/A,120,Yes,3,"Central America(20%), South America(10%), Eastern Europe(10%)",N/A,"Retailer, Engineer, Wholesaler, Brand business, For private use, Manufacturer","sample processing, graphic processing, customized on demand, sample processing, graphic processing, customized on demand",1000,4
"Yiwu Lynguu Apparel Co., Ltd.",4.9,13 reviews,≤3h,90.3%,-,"['Minor customization', 'Design-based customization', 'Raw-material traceability identification', 'Finished product inspection']",450,0,3,N/A,120,Yes,3,"Central America(20%), South America(10%), Eastern Europe(10%)",N/A,"Retailer, Engineer, Wholesaler, Brand business, For private use, Manufacturer","sample processing, graphic processing, customized on demand, sample processing, graphic processing, customized on demand",1000,4
"Dongguan Tianlai Apparel Co., Ltd.",N/A,N/A,≤6h,100.0%,"US $30,000+","['Full customization', 'Raw-material traceability identification', 'Finished product inspection']",800,-,2,-,166,Yes,2,"Mid East(20%), North America(10%), South America(10%)",N/A,"Retailer, Engineer, Wholesaler, Brand business, Manufacturer","light customization, sample processing, graphic processing, customized on demand, light customization, sample processing, graphic processing, customized on demand",200,1
"Jining Amy Apparel Co., Ltd.",3.4,10 reviews,≤2h,100.0%,-,"['Agile supply chain', 'Sample-based customization', 'Finished product inspection', 'QA/QC inspectors (78)']",20000,N/A,N/A,3000000,720,Yes,78,"North America(20%), Eastern Europe(10%), Eastern Asia(10%)",N/A,"Retailer, Engineer, Wholesaler, Brand business, For private use, Manufacturer","light customization, customized on demand, sample processing, graphic processing, light customization, sample processing, graphic processing, customized on demand",200,8
SIAL APPAREL MFG,N/A,N/A,≤3h,N/A,N/A,[],3500,400000,5,45000,46,Yes,7,Central America(100%),N/A,"Retailer, Wholesaler, Brand business","light customization, graphic processing",N/A,N/A
"Shenzhen Zhuofan Apparel Co., Ltd.",5.0,1 reviews,≤11h,100.0%,-,"['Design-based customization', 'Sample-based customization', 'Finished product inspection', 'QA/QC inspectors (5)']",2013,N/A,3,N/A,80,Yes,5,"North America(35%), Western Europe(25%), Northern Europe(20%)",N/A,"Retailer, Engineer, Wholesaler, Brand business, For private use, Manufacturer","no, sample processing, graphic processing, customized on demand",250,4
"Dongguan Outeng Apparel Co., Ltd.",5.0,1 reviews,≤5h,93.3%,-,"['Minor customization', 'Design-based customization', 'Raw-material traceability identification', 'Finished product inspection']",4811,14000000,10,-,104,Yes,14,"Eastern Europe(28%), North America(25%), Southern Europe(20%)",N/A,"Retailer, Wholesaler, Brand business, For private use, Manufacturer","light customization, sample processing, graphic processing, customized on demand, sample processing, graphic processing, customized on demand",16770,26
"Guangzhou Hostaron Sports Apparel Co., Ltd.",4.8,29 reviews,≤4h,96.2%,-,"['Design-based customization', 'Sample-based customization', 'Raw-material traceability identification', 'On-site material inspection']",2000,1011000,5,N/A,49,Yes,3,"North America(30%), South America(30%), Eastern Europe(10%)",N/A,"Retailer, Engineer, Wholesaler, Brand business, For private use, Manufacturer","sample processing, graphic processing, customized on demand, sample processing, graphic processing, customized on demand",5000,9
"Shenzhen Credia Apparel Co., Ltd.",5.0,12 reviews,≤4h,100.0%,"US $30,000+","['Agile supply chain', 'Minor customization', 'Finished product inspection', 'QA/QC inspectors (6)']",3500,N/A,2,3000000,45,Yes,6,"North America(50%), Eastern Europe(8%), Oceania(8%)",N/A,"Retailer, Engineer, Wholesaler, Brand business, For private use, Manufacturer","sample processing, graphic processing, customized on demand, sample processing, graphic processing, customized on demand",570,3
"Xin Ji Geshida Apparel&accessories Co., Ltd.",4.3,49 reviews,≤11h,93.5%,"US $20,000+","['Minor customization', 'Design-based customization', 'Finished product inspection', 'QA/QC inspectors (15)']",5400,N/A,10,N/A,121,Yes,15,"Domestic Market(83%), North America(3%), Eastern Asia(2%)",N/A,"Retailer, Wholesaler, Brand business, For private use, Manufacturer","light customization, customized on demand, sample processing, graphic processing",200,6
"Hangzhou Shell Apparel Co., Ltd.",4.8,211 reviews,≤2h,100.0%,"US $380,000+","['Minor customization', 'Full customization', 'Finished product inspection', 'Warranty available']",380,-,1,100000,9,Yes,1,"North America(52%), Oceania(25%), Western Europe(10%)",N/A,"Retailer, Wholesaler, Brand business, For private use, Manufacturer","sample processing, graphic processing, customized on demand",700,1
"Zhongshan Lianxing Knitting Apparel Co., Ltd.",4.9,14 reviews,≤7h,96.2%,-,"['Minor customization', 'Raw-material traceability identification', 'Finished product inspection']",11487,2002000,4,1230200,323,Yes,14,"Domestic Market(74%), North America(16%), Western Europe(3%)",N/A,"Retailer, Engineer, Wholesaler, Brand business","sample processing, graphic processing, customized on demand, sample processing, graphic processing, customized on demand",9000,24
"Zhangjiagang Sewingman Caps & Apparel Co., Ltd.",4.7,42 reviews,≤3h,95.6%,"US $230,000+","['Minor customization', 'Design-based customization', 'QA/QC inspectors (5)', 'On-site material inspection']",3422,N/A,4,N/A,49,Yes,5,"Northern Europe(25%), North America(15%), Western Europe(15%)",N/A,"Retailer, Wholesaler, Brand business","light customization, sample processing, graphic processing, customized on demand, sample processing, customized on demand, graphic processing",1000,4
"Foshan Petelulu Apparel Co., Ltd.",4.9,6 reviews,≤2h,100.0%,"US $210,000+","['Minor customization', 'Raw-material traceability identification', 'Finished product inspection']",1567,N/A,4,2600000,76,Yes,5,"North America(40%), Oceania(20%), North America(10%)",N/A,"Retailer, Engineer, Wholesaler, Brand business, For private use, Manufacturer","light customization, sample processing, graphic processing, customized on demand, light customization, sample processing, graphic processing, customized on demand",7200,12
"Hangzhou Shangyou Apparel Co., Ltd.",5.0,5 reviews,≤4h,81.0%,-,"['Minor customization', 'Design-based customization', 'Finished product inspection', 'QA/QC inspectors (8)']",5000,1780221,5,N/A,78,Yes,8,"North America(50%), Domestic Market(10%), Southeast Asia(7%)",N/A,N/A,"light customization, sample processing, graphic processing, customized on demand",300,4
"Fuxin Fuyi Apparel Co., Ltd.",4.2,33 reviews,≤9h,91.6%,"US $430,000+","['Minor customization', 'Design-based customization', 'Raw-material traceability identification', 'QA/QC inspectors (10)']",4315,N/A,5,N/A,78,Yes,8,"North America(50%), Domestic Market(10%), Southeast Asia(7%)",N/A,N/A,"light customization, sample processing, graphic processing, customized on demand",300,4
"Fuzhou Shengshi RuiChuang industry and Trade Co., Ltd",4.8,354 reviews,≤3h,98.7%,"US $540,000+","['Agile supply chain', 'Minor customization', 'Quality traceability', 'CE']",N/A,N/A,N/A,N/A,N/A,N/A,N/A,N/A,N/A,N/A,N/A,N/A,N/A
"Haining Firebird Knitting Technology Co., Ltd.",4.7,84 reviews,≤3h,100.0%,"US $240,000+","['Agile supply chain', 'Full customization', 'Finished product inspection', 'QA/QC inspectors (3)']",2900,1506123,3,N/A,50,Yes,3,"North America(39%), Western Europe(26%), Oceania(17%)",N/A,N/A,"light customization, sample processing, graphic processing, customized on demand, light customization, sample processing, graphic processing, customized on demand",2000,6
Kingson Clothing Factory,4.4,69 reviews,≤4h,98.3%,"US $620,000+","['Design-based customization', 'Full customization']",N/A,N/A,N/A,N/A,N/A,N/A,N/A,N/A,N/A,N/A,N/A,N/A,N/A
"Guangzhou Fenqi Leather Co., Ltd.",4.7,1717 reviews,≤2h,99.7%,-,"['Minor customization', 'Design-based customization', 'Finished product inspection', 'QA/QC inspectors (5)']",2100,N/A,N/A,N/A,26,Yes,5,"North America(54%), Western Europe(15%), Mid East(5%)",N/A,N/A,"light customization, sample processing, graphic processing, customized on demand",90,2
"Guangzhou Huanghu Apparel Co., Ltd.",4.6,68 reviews,≤5h,94.9%,"US $240,000+",['QA/QC inspectors (4)'],2655,N/A,2,N/A,35,Yes,4,"North America(40%), Southeast Asia(30%), Eastern Asia(20%)",N/A,"Retailer, Wholesaler, Brand business, For private use","sample processing, graphic processing, customized on demand",0,1
Guangzhou Panyu District Laite Clothing Manufactory,4.8,80 reviews,≤4h,99.1%,"US $1,000,000+","['Agile supply chain', 'Full customization', 'Finished product inspection', 'On-site material inspection']",380,1088124,N/A,N/A,30,Yes,2,"North America(50%), Eastern Europe(10%), Oceania(10%)",N/A,"Retailer, Engineer, Wholesaler, Brand business, For private use, Manufacturer","sample processing, graphic processing, customized on demand, sample processing, graphic processing, customized on demand",1000,2
"Fuzhou Gelan Garment Co., Ltd.",4.5,485 reviews,≤3h,99.5%,"US $700,000+","['Agile supply chain', 'Full customization', 'Finished product inspection', 'QA/QC inspectors (3)', 'CE certificate']",380,1088124,N/A,N/A,30,Yes,2,"North America(50%), Eastern Europe(10%), Oceania(10%)",N/A,"Retailer, Engineer, Wholesaler, Brand business, For private use, Manufacturer","sample processing, graphic processing, customized on demand, sample processing, graphic processing, customized on demand",1000,2
"Guangzhou Shanying Sports Apparel Manufacturing Co., Ltd",4.7,164 reviews,≤6h,98.0%,"US $190,000+","['Agile supply chain', 'Minor customization', 'Raw-material traceability identification', 'ISO14001 certificate']",500,300000,1,30000,19,Yes,4,"Mid East(60%), North America(30%), Northern Europe(10%)",N/A,"Retailer, Wholesaler, Brand business",N/A,N/A,N/A
"Fuzhou Firebird Sporting Goods Co., Ltd.",4.8,164 reviews,≤3h,97.9%,"US $560,000+","['Agile supply chain', 'Full customization', 'Raw-material traceability identification', 'QA/QC inspectors (3)']",1800,10500000,1,N/A,59,Yes,3,"North America(40%), Oceania(25%), Domestic Market(16%)",N/A,"Retailer, Wholesaler, Brand business, For private use","light customization, customized on demand, sample processing, graphic processing, sample processing, graphic processing",24000,5
"Dongguan City Salati Apparel Co., Ltd.",4.7,66 reviews,≤4h,96.7%,-,"['Full customization', 'Raw-material traceability identification', 'Finished product inspection']",5000,N/A,4,1068000,140,Yes,11,"North America(81%), Eastern Europe(3%), Western Europe(3%)",N/A,"Retailer, Engineer, Wholesaler, Brand business, Manufacturer","light customization, sample processing, graphic processing, customized on demand",1170,8
"Fuzhou Jicai Clothing Co., Ltd.",4.7,241 reviews,≤2h,100.0%,-,"['Agile supply chain', 'Sample-based customization', 'QA/QC inspectors (1)', 'REACH', 'CE']",5000,N/A,4,1068000,140,Yes,11,"North America(81%), Eastern Europe(3%), Western Europe(3%)",N/A,"Retailer, Engineer, Wholesaler, Brand business, Manufacturer","light customization, sample processing, graphic processing, customized on demand",1170,8
"Hangzhou Tongsheng Fashion Co., Ltd.",4.8,24 reviews,≤3h,99.3%,-,"['Full customization', 'Finished product inspection', 'On-site material inspection']",3368,N/A,N/A,N/A,N/A,Yes,7,"Western Europe(30%), Southern Europe(30%), North America(20%)",N/A,"Retailer, Wholesaler, Brand business, For private use, Manufacturer","light customization, sample processing, graphic processing, customized on demand, no",400,2
"Zhejiang Hehe Apparel Co., Ltd.",4.8,107 reviews,≤5h,93.1%,"US $260,000+","['Agile supply chain', 'Minor customization', 'Raw-material traceability identification', 'Finished product inspection', 'CE certificate']",3368,N/A,N/A,N/A,N/A,Yes,7,"Western Europe(30%), Southern Europe(30%), North America(20%)",N/A,"Retailer, Wholesaler, Brand business, For private use, Manufacturer","light customization, sample processing, graphic processing, customized on demand, no",400,2
"Dongguan Chic Apparel Co., Ltd.",4.8,54 reviews,≤3h,100.0%,-,"['Agile supply chain', 'Minor customization', 'Finished product inspection', 'QA/QC inspectors (2)']",3368,N/A,N/A,N/A,N/A,Yes,7,"Western Europe(30%), Southern Europe(30%), North America(20%)",N/A,"Retailer, Wholesaler, Brand business, For private use, Manufacturer","light customization, sample processing, graphic processing, customized on demand, no",400,2
"Dongguan Xingmai Apparel Co., Ltd.",5.0,11 reviews,≤6h,100.0%,"US $330,000+","['Minor customization', 'Design-based customization', 'Finished product inspection', 'QA/QC inspectors (5)']",2800,2100000,4,2200000,127,Yes,5,"North America(25%), Domestic Market(20%), Oceania(15%)",N/A,"Retailer, Wholesaler, Brand business, For private use, Manufacturer","light customization, sample processing, graphic processing, customized on demand",1600,4
"Dongguan City Jingyu Apparel Co., Ltd.",5.0,10 reviews,≤5h,95.9%,-,"['Design-based customization', 'Sample-based customization', 'Raw-material traceability identification', 'Finished product inspection']",3000,1276384,N/A,N/A,53,Yes,3,"North America(40%), Southern Europe(20%), Southeast Asia(15%)",N/A,"Retailer, Wholesaler, Brand business","sample processing, graphic processing, customized on demand",1000,8
"Shijiazhuang Cool Apparel Co., Ltd.",4.8,117 reviews,≤4h,88.5%,"US $330,000+","['Minor customization', 'Design-based customization', 'Finished product inspection', 'QA/QC inspectors (6)', 'CPC certificate']",3000,1276384,N/A,N/A,53,Yes,3,"North America(40%), Southern Europe(20%), Southeast Asia(15%)",N/A,"Retailer, Wholesaler, Brand business","light customization, sample processing, graphic processing, customized on demand",1500,8
"Dongguan Huilin Apparel Co., Ltd.",4.6,9 reviews,≤7h,100.0%,"US $140,000+","['Design-based customization', 'Full customization', 'Finished product inspection', 'Warranty available']",550,3080000,3,N/A,218,Yes,3,"North America(35%), Western Europe(20%), Oceania(15%)",N/A,"Retailer, Engineer, Wholesaler, Brand business, For private use, Manufacturer","sample processing, graphic processing, customized on demand, sample processing, graphic processing, customized on demand",250,2
"Yiwu Nuorui Apparel Co., Ltd.",4.7,251 reviews,≤8h,94.4%,"US $280,000+","['Minor customization', 'Design-based customization', 'Raw-material traceability identification']",N/A,N/A,N/A,N/A,N/A,N/A,N/A,N/A,N/A,N/A,N/A,N/A,N/A
"Guangxi Ruixin Apparel Co., Ltd.",5.0,2 reviews,≤3h,100.0%,"US $20,000+","['Agile supply chain', 'Minor customization', 'Raw-material traceability identification', 'Finished product inspection']",973,N/A,2,N/A,52,Yes,3,"North America(25%), Eastern Europe(22%), Western Europe(20%)",N/A,"Retailer, Engineer, Wholesaler, Brand business, For private use, Manufacturer","sample processing, graphic processing, customized on demand, sample processing, graphic processing, customized on demand",80,1
"Dongguan Chen Shan Apparel & Accessory Co., Ltd.",4.9,13 reviews,≤3h,100.0%,"US $110,000+","['Design-based customization', 'Full customization', 'Finished product inspection', 'On-site material inspection']",2300,2300000,4,N/A,111,Yes,5,"North America(40%), Domestic Market(10%), Eastern Europe(7%)",N/A,"Retailer, Wholesaler, Brand business","sample processing, graphic processing, customized on demand, sample processing, graphic processing, customized on demand",300,7
"Yiwu Genke Apparel Co., Ltd.",4.7,230 reviews,≤2h,99.7%,"US $370,000+","['Full customization', 'Finished product inspection', 'QA/QC inspectors (4)']",640,1000000,100,18000000,100,Yes,4,"North America(18%), Central America(13%), Eastern Europe(11%)",N/A,"Retailer, Engineer, Wholesaler, Brand business, For private use, Manufacturer","light customization, sample processing, graphic processing, customized on demand, no",50,2
"Guangzhou Paton Apparel Co., Ltd.",4.6,1 reviews,≤6h,100.0%,"US $50,000+","['Sample-based customization', 'QA/QC inspectors (4)', 'On-site material inspection']",2600,N/A,5,5100000,80,N/A,4,"Mid East(20%), Oceania(20%), Africa(20%)",N/A,"Retailer, Engineer, Wholesaler, Brand business, Manufacturer","sample processing, graphic processing, customized on demand, sample processing, graphic processing, customized on demand",300,9
Shantou City Chuangrong Apparel Industrial Company Limited,4.5,17 reviews,≤3h,97.7%,-,"['Full customization', 'One-stop procurement', 'Finished product inspection', 'On-site material inspection', 'Oeko-Tex standard 100 certificate']",2600,N/A,5,5100000,80,N/A,4,"Mid East(20%), Oceania(20%), Africa(20%)",N/A,"Retailer, Engineer, Wholesaler, Brand business, Manufacturer","sample processing, graphic processing, customized on demand, sample processing, graphic processing, customized on demand",300,9
ARFA APPAREL CO,N/A,N/A,≤1h,-,-,[],3500,2000000,5,250000,127,Yes,16,"North America(90%), Oceania(5%), Northern Europe(5%)",N/A,Brand business,N/A,N/A,N/A
"Dongguan Hui Li Apparel Co., Ltd.",4.4,13 reviews,≤8h,98.4%,"US $250,000+","['Agile supply chain', 'Full customization', 'Finished product inspection', 'QA/QC inspectors (16)']",16635,N/A,4,N/A,170,Yes,16,"North America(85%), Eastern Europe(5%), Oceania(5%)",N/A,"Retailer, Wholesaler, Brand business, Manufacturer","light customization, sample processing, graphic processing, customized on demand, sample processing, graphic processing, customized on demand",2500,14
Zhangzhou Yingtai Apparel Pty Ltd.,5.0,4 reviews,≤12h,81.8%,"US $40,000+","['Design-based customization', 'Sample-based customization', 'Finished product inspection', 'QA/QC inspectors (4)']",3956,N/A,2,N/A,48,Yes,4,"North America(90%), South America(5%), Eastern Asia(5%)",N/A,"Retailer, Wholesaler, Brand business, For private use, Manufacturer","light customization, sample processing, graphic processing, customized on demand",200,3
"Shangyu Best Apparel And Accessories Co., Ltd.",4.9,3 reviews,≤8h,100.0%,"US $2,000+","['Design-based customization', 'Sample-based customization', 'Finished product inspection', 'QA/QC inspectors (5)', 'CE certificate']",2340,12390568,10,3600000,103,Yes,10,"North America(25%), Oceania(25%), South America(15%)",N/A,"Retailer, Wholesaler, Brand business, Manufacturer","sample processing, graphic processing, customized on demand",900,6
"Dongguan Leto Sports Apparel Co., Ltd.",4.8,32 reviews,≤6h,89.8%,"US $270,000+","['Full customization', 'Finished product inspection', 'QA/QC inspectors (13)']",2340,12390568,10,3600000,103,Yes,10,"North America(25%), Oceania(25%), South America(15%)",N/A,"Retailer, Wholesaler, Brand business, Manufacturer","sample processing, graphic processing, customized on demand",900,6
"Dongguan City Fanfeizi Apparel Co., Ltd.",5.0,35 reviews,≤2h,100.0%,"US $110,000+","['Minor customization', 'Design-based customization', 'Finished product inspection', 'QA/QC inspectors (3)']",N/A,N/A,N/A,N/A,N/A,N/A,N/A,N/A,N/A,N/A,N/A,N/A,N/A
"Guangzhou Qisong Apparel Co., Ltd.",4.7,101 reviews,≤8h,98.1%,-,"['Design-based customization', 'Sample-based customization', 'Finished product inspection', 'Quality traceability']",750,N/A,1,N/A,124,Yes,3,"North America(60%), South America(20%), Eastern Europe(8%)",N/A,"Retailer, Wholesaler, Brand business, For private use, Manufacturer","light customization, customized on demand, sample processing, graphic processing, no",N/A,6
"Yiwu Huiyu Apparel Co., Ltd.",4.4,22 reviews,≤7h,96.6%,"US $350,000+","['Design-based customization', 'Full customization', 'Finished product inspection']",500,1000000,2,-,6,Yes,2,"North America(43%), Western Europe(12%), Oceania(10%)",N/A,"Retailer, Engineer, Wholesaler, Brand business, For private use, Manufacturer","sample processing, graphic processing, customized on demand",30,1
"Guangzhou Petelulu Apparel Co., Ltd.",4.6,8 reviews,≤2h,95.9%,"US $130,000+","['Agile supply chain', 'Minor customization', 'Raw-material traceability identification', 'QA/QC inspectors (4)', 'CPC certificate']",3258,N/A,2,N/A,62,Yes,5,"North America(70%), Oceania(20%), Western Europe(10%)",N/A,"Retailer, Engineer, Wholesaler, Brand business, Manufacturer","light customization, sample processing, graphic processing, customized on demand",300,1
"Jiangxi Nanmeiyi Apparel Co., Ltd.",4.8,3 reviews,≤4h,96.2%,"US $250,000+","['Design-based customization', 'Full customization', 'On-site material inspection', 'Quality traceability', 'ISO 9001 certificate']",500,1000000,2,-,6,Yes,2,"North America(43%), Western Europe(12%), Oceania(10%)",N/A,"Retailer, Engineer, Wholesaler, Brand business, For private use, Manufacturer","sample processing, graphic processing, customized on demand",30,1
"Shanghai Haokuo Apparel Co., Ltd.",4.9,27 reviews,≤3h,93.9%,"US $80,000+","['Design-based customization', 'Raw-material traceability identification', 'Finished product inspection', 'CE certificate']",500,1000000,2,-,6,Yes,2,"North America(43%), Western Europe(12%), Oceania(10%)",N/A,"Retailer, Engineer, Wholesaler, Brand business, For private use, Manufacturer","sample processing, graphic processing, customized on demand",30,1
"Dongguan Jimuni Apparel Co., Ltd.",5.0,2 reviews,≤5h,100.0%,-,"['Minor customization', 'Design-based customization', 'Raw-material traceability identification', 'Finished product inspection']",2670,N/A,4,N/A,79,Yes,7,"North America(40%), Western Europe(20%), Eastern Europe(10%)",N/A,"Retailer, Wholesaler, Brand business, For private use","sample processing, graphic processing, customized on demand, sample processing, graphic processing, customized on demand",800,1
"Guangzhou Chunya Apparel Co., Ltd.",4.7,72 reviews,≤8h,97.5%,-,"['Minor customization', 'Design-based customization', 'Finished product inspection', 'QA/QC inspectors (4)']",1000,2000008,5,1850000,186,Yes,4,"North America(90%), Africa(5%), Mid East(2%)",N/A,N/A,"light customization, sample processing, graphic processing, customized on demand",1500,11
"Shangqiu Kaixintianguo Apparel Co., Ltd.",4.9,16 reviews,≤2h,96.4%,-,"['Design-based customization', 'Full customization', 'Finished product inspection', 'Quality traceability']",4500,N/A,2,N/A,66,Yes,5,N/A,N/A,"Retailer, Wholesaler, For private use, other|Dealer","sample processing, graphic processing, customized on demand",20,3
"Hangzhou Besser Apparel Co., Ltd.",N/A,N/A,≤14h,75.0%,"US $3,000+","['Minor customization', 'Design-based customization', 'Raw-material traceability identification', 'Finished product inspection']",2671,-,-,-,62,Yes,2,"Northern Europe(50%), Oceania(45%), North America(5%)",N/A,"Retailer, Engineer, Wholesaler, Brand business, For private use, Manufacturer","sample processing, graphic processing, customized on demand, sample processing, graphic processing, customized on demand",30,3
"Yiwu Haizhu Apparel Co., Ltd.",4.9,11 reviews,≤4h,97.1%,"US $100,000+","['Design-based customization', 'Sample-based customization', 'Finished product inspection', 'QA/QC inspectors (1)', 'CE certificate']",160,160000,4,80000,73,Yes,1,"Western Europe(40%), North America(30%), South America(30%)",N/A,"Brand business, For private use","graphic processing, sample processing, customized on demand, customized on demand, graphic processing, sample processing",1700,2
Guangzhou Faniu Apparel Ltd.,4.4,23 reviews,≤2h,100.0%,"US $70,000+","['Minor customization', 'Design-based customization', 'QA/QC inspectors (1)']",760,N/A,5,N/A,25,Yes,1,"North America(60%), Domestic Market(40%)",N/A,"Retailer, Wholesaler, Brand business","light customization, sample processing, graphic processing, customized on demand",40,2
"Dongguan Yinuoda Apparel Co., Ltd.",4.7,17 reviews,≤3h,85.2%,"US $210,000+","['Full customization', 'Finished product inspection', 'QA/QC inspectors (1)']",1800,N/A,N/A,N/A,39,Yes,1,"North America(30%), Oceania(20%), Western Europe(20%)",N/A,"Retailer, Wholesaler, Brand business, For private use","sample processing, graphic processing, customized on demand, sample processing, graphic processing, customized on demand",1000,2
"Shenzhen Uniflying Fashion Apparels Co., Ltd.",5.0,41 reviews,≤4h,100.0%,"US $280,000+","['Minor customization', 'Design-based customization', 'Finished product inspection', 'QA/QC inspectors (2)', 'sedex certificate']",375,N/A,1,N/A,3,Yes,2,"North America(42%), South America(18%), Eastern Europe(15%)",N/A,"Retailer, Wholesaler, Brand business","light customization, sample processing, graphic processing, customized on demand",1200,3
"Dongguan Kaya Apparel Accessories Co., Ltd.",4.9,10 reviews,≤3h,100.0%,-,"['Minor customization', 'Design-based customization', 'Raw-material traceability identification', 'Finished product inspection']",800,N/A,2,N/A,10,Yes,3,"North America(28%), Western Europe(18%), Domestic Market(18%)",N/A,"Retailer, Engineer, Wholesaler, Brand business, For private use, Manufacturer","sample processing, graphic processing, customized on demand",1000,2
"Shenzhen Aoyema Apparel Co., Ltd.",4.7,40 reviews,≤5h,92.3%,-,"['Minor customization', 'Design-based customization']",1820,1200000,N/A,N/A,N/A,Yes,5,"North America(60%), Western Europe(10%), Northern Europe(10%)",N/A,"Retailer, Wholesaler, Brand business","light customization, sample processing, graphic processing, customized on demand, light customization, sample processing, graphic processing, customized on demand",1435,5
"Dongguan Liji Apparel Co., Ltd.",4.8,3 reviews,≤3h,100.0%,-,"['Agile supply chain', 'Minor customization', 'Raw-material traceability identification', 'Finished product inspection']",1270,N/A,2,N/A,73,Yes,6,"North America(50%), Western Europe(25%), Oceania(8%)",N/A,"Retailer, Engineer, Wholesaler, Brand business, Manufacturer","sample processing, graphic processing, customized on demand",200,3
"Jiangyin Yoyoung Apparel Co., Ltd.",5.0,5 reviews,≤5h,96.3%,"US $280,000+","['Minor customization', 'Design-based customization', 'Finished product inspection', 'On-site material inspection']",4850,3298038,1,N/A,120,Yes,6,"North America(60%), Western Europe(25%), Northern Europe(6%)",N/A,"Retailer, Wholesaler, Brand business, For private use","light customization, sample processing, graphic processing, customized on demand, light customization, sample processing, graphic processing, customized on demand",3000,8
"Dongguan Yikin Apparel Co., Ltd.",5.0,4 reviews,≤2h,98.3%,"US $210,000+","['Design-based customization', 'Full customization', 'Finished product inspection', 'QA/QC inspectors (5)']",3258,N/A,2,N/A,62,Yes,5,"North America(70%), Oceania(20%), Western Europe(10%)",N/A,"Retailer, Engineer, Wholesaler, Brand business, Manufacturer","light customization, sample processing, graphic processing, customized on demand",300,1
"Guangzhou Rongge Apparel Co., Ltd.",4.8,5 reviews,≤1h,98.2%,"US $4,000+","['Agile supply chain', 'Minor customization', 'Raw-material traceability identification', 'Finished product inspection']",2500,N/A,5,N/A,150,Yes,10,"North America(30%), Mid East(30%), Western Europe(30%)",N/A,"Retailer, Engineer, Wholesaler, Brand business, For private use, Manufacturer","sample processing, graphic processing, customized on demand",1000,12
"Yiwu Max Apparel Co., Ltd.",4.3,23 reviews,≤5h,98.0%,"US $360,000+","['Design-based customization', 'Sample-based customization', 'Finished product inspection', 'QA/QC inspectors (6)']",5400,6470217,2,630000,66,Yes,6,"North America(82%), Domestic Market(18%)",N/A,"Retailer, Wholesaler, For private use, Brand business, Manufacturer","light customization, sample processing, graphic processing, customized on demand",864,16
"Guangzhou Cat Claw Apparel Co.,Ltd",5.0,3 reviews,≤4h,97.4%,-,"['Agile supply chain', 'Minor customization', 'Finished product inspection', 'QA/QC inspectors (10)']",15300,N/A,10,N/A,130,Yes,10,Southeast Asia(100%),N/A,"Retailer, Engineer, Wholesaler, Brand business, For private use","light customization, sample processing, graphic processing, customized on demand",3000,23
"Dongguan Lancai Garment Co., Ltd.",4.9,22 reviews,≤5h,95.5%,"US $400,000+","['Minor customization', 'Design-based customization', 'Finished product inspection', 'QA/QC inspectors (18)']",1910,3500000,5,N/A,70,Yes,18,"North America(50%), Oceania(20%), Western Europe(10%)",N/A,"Retailer, Engineer, Wholesaler, Brand business, For private use, Manufacturer","light customization, sample processing, graphic processing, customized on demand",2000,2
"Guangzhou Etai Apparel Co., Ltd.",4.7,187 reviews,≤7h,99.5%,"US $2,000,000+","['Agile supply chain', 'Full customization', 'Finished product inspection', 'QA/QC inspectors (10)', 'CE']",1449,N/A,N/A,N/A,38,Yes,10,"North America(30%), South America(20%), South Asia(7%)",N/A,N/A,"customized on demand, customized on demand",3200,8
"Shenzhen Qiandao Apparel Co.,ltd.",4.9,20 reviews,≤5h,91.1%,-,"['Minor customization', 'Design-based customization', 'Raw-material traceability identification', 'Finished product inspection', 'BSCI certificate']",1449,N/A,N/A,N/A,38,Yes,10,"North America(30%), South America(20%), South Asia(7%)",N/A,N/A,"customized on demand, customized on demand",3200,8
TEE TECH APPARELS,N/A,N/A,≤17h,N/A,N/A,"['Design-based customization', 'Sample-based customization', 'Finished product inspection', 'QA/QC inspectors (5)']",1449,N/A,N/A,N/A,38,Yes,10,"North America(30%), South America(20%), South Asia(7%)",N/A,N/A,"customized on demand, customized on demand",3200,8
"Shanghai Jingzhi Apparel Co., Ltd.",4.3,25 reviews,≤9h,98.2%,"US $340,000+","['Minor customization', 'Design-based customization', 'Finished product inspection', 'QA/QC inspectors (5)']",814,2428359,2,200000,66,Yes,5,"Mid East(38%), Africa(24%), North America(10%)",N/A,"Retailer, Engineer, Wholesaler, Brand business, For private use, Manufacturer","light customization, sample processing, graphic processing, customized on demand, sample processing, graphic processing",800,4
"Dongguan Qingzhihuo Apparel Co.,Ltd",4.7,10 reviews,≤8h,96.2%,"US $480,000+","['Minor customization', 'Design-based customization', 'Finished product inspection', 'QA/QC inspectors (3)']",814,2428359,2,200000,66,Yes,5,"Mid East(38%), Africa(24%), North America(10%)",N/A,"Retailer, Engineer, Wholesaler, Brand business, For private use, Manufacturer","light customization, sample processing, graphic processing, customized on demand, sample processing, graphic processing",800,4
"Dongguan Nanteng Apparel Co., Limited",4.7,13 reviews,≤5h,100.0%,"US $330,000+","['Design-based customization', 'Full customization', 'Raw-material traceability identification', 'Finished product inspection', 'BSCI certificate']",814,2428359,2,200000,66,Yes,5,"Mid East(38%), Africa(24%), North America(10%)",N/A,"Retailer, Engineer, Wholesaler, Brand business, For private use, Manufacturer","light customization, sample processing, graphic processing, customized on demand, sample processing, graphic processing",800,4
"Dongguan Jinse Apparel Co., Ltd.",4.7,13 reviews,≤5h,96.9%,-,"['Minor customization', 'Design-based customization', 'Finished product inspection', 'QA/QC inspectors (3)']",800,2909000,2,N/A,135,Yes,3,"North America(42%), Mid East(20%), Eastern Europe(18%)",N/A,"Retailer, Engineer, Wholesaler, Brand business, For private use, Manufacturer","light customization, sample processing, graphic processing, customized on demand, light customization, sample processing, graphic processing, customized on demand",1000,2
"Guangzhou Vepeen Apparel Co., Ltd.",N/A,N/A,≤4h,100.0%,-,"['Minor customization', 'Design-based customization', 'Raw-material traceability identification', 'Finished product inspection']",1200,N/A,N/A,N/A,N/A,Yes,2,N/A,N/A,"Retailer, Wholesaler, Brand business, For private use","sample processing, customized on demand, graphic processing, sample processing, graphic processing, customized on demand",5000,4
"Wuhan Jarmoo Apparel Co., Ltd.",4.8,58 reviews,≤4h,99.4%,"US $220,000+","['Minor customization', 'Design-based customization', 'Finished product inspection', 'QA/QC inspectors (6)']",1200,N/A,N/A,N/A,N/A,Yes,2,N/A,N/A,"Retailer, Wholesaler, Brand business, For private use","sample processing, customized on demand, graphic processing, sample processing, graphic processing, customized on demand",5000,4
"Dongguan City Hui Lin Apparel Co., Ltd.",4.6,9 reviews,≤7h,96.0%,"US $230,000+","['Agile supply chain', 'Full customization', 'Finished product inspection', 'QA/QC inspectors (3)']",550,3080000,3,N/A,218,Yes,3,"North America(35%), Western Europe(20%), Oceania(15%)",N/A,"Retailer, Engineer, Wholesaler, Brand business, For private use, Manufacturer","sample processing, graphic processing, customized on demand, sample processing, graphic processing, customized on demand",250,2
CUSTOM APPAREL,N/A,N/A,≤8h,N/A,N/A,[],500,300000,1,30000,19,Yes,4,"Mid East(60%), North America(30%), Northern Europe(10%)",N/A,"Retailer, Wholesaler, Brand business",N/A,N/A,N/A
"Dongguan Hualingniao Apparel Co., Ltd.",5.0,6 reviews,≤2h,100.0%,"US $60,000+","['Design-based customization', 'Full customization', 'Raw-material traceability identification', 'Finished product inspection']",1300,N/A,6,N/A,83,Yes,4,"North America(68%), Western Europe(15%), Mid East(6%)",N/A,"Retailer, Engineer, Wholesaler, Brand business, Manufacturer","sample processing, graphic processing, customized on demand, sample processing, graphic processing, customized on demand",4000,9
"Dongyang Yinxin Apparel Co., Ltd.",4.7,120 reviews,≤2h,100.0%,-,"['Design-based customization', 'Full customization', 'QA/QC inspectors (5)', 'On-site material inspection']",1576,N/A,3,N/A,45,Yes,5,"North America(60%), Northern Europe(16%), Domestic Market(10%)",N/A,"Retailer, Wholesaler, Brand business","sample processing, graphic processing, customized on demand",30,1
Guangzhou Baiyun District Fuyida Apparel Factory,4.8,26 reviews,≤3h,99.3%,"US $130,000+","['Design-based customization', 'Full customization', 'Finished product inspection', 'QA/QC inspectors (5)']",1300,N/A,N/A,2000000,N/A,Yes,5,"North America(20%), Oceania(15%), Western Europe(11%)",N/A,"Retailer, Wholesaler, Brand business, For private use, Manufacturer","light customization, sample processing, customized on demand, graphic processing",500,5
